"DESCRIPTION","DURATION IN MS","NAME","PARENT SUITE","START TIME","STATUS","STOP TIME","SUB SUITE","SUITE","TEST CLASS","TEST METHOD"
"Verify that searching for a common product returns results.","93642","test_search_returns_results","tests.ui","2026-09-29","passed","2026-09-29","TestSearch","test_search","",""
"Verify search bar is visible after popup dismissal.","72908","test_search_bar_is_visible","tests.ui","2026-09-29","passed","2026-09-29","TestHomepage","test_homepage","",""
"Verify product page displays a title.","100007","test_product_page_has_title","tests.ui","2026-09-29","passed","2026-09-29","TestProductPage","test_product_page","",""
"Verify search results contain product cards with prices.","94388","test_search_results_have_products","tests.ui","2026-09-29","passed","2026-09-29","TestSearch","test_search","",""
"Verify site handles XSS-style input safely.","93637","test_search_xss_string","tests.ui","2026-09-29","passed","2026-09-29","TestNegative","test_negative","",""
"Verify Nykaa logo/header image is present.","73667","test_logo_is_present","tests.ui","2026-09-29","passed","2026-09-29","TestHomepage","test_homepage","",""
"Verify navigating to an invalid product URL doesn't crash.","3016","test_invalid_product_url","tests.ui","2026-09-29","passed","2026-09-29","TestNegative","test_negative","",""
"Verify Nykaa homepage loads without errors.","73789","test_homepage_loads_successfully","tests.ui","2026-09-29","passed","2026-09-29","TestHomepage","test_homepage","",""
"Verify that submitting empty search doesn't navigate away.","71910","test_search_empty_query_stays_on_page","tests.ui","2026-09-29","passed","2026-09-29","TestSearch","test_search","",""
